,Actual value,Predicted value,birth_rate,gdp,health_exp_percent_gdp,health_exp_per_capita,infant_mortality_rate,internet_usage,life_expectancy_female,life_expectancy_male,mobile_phone_usage,population_0_to_14,population_15_to_64,population_65_plus,population_total,population_urban,tourism_inbound,tourism_outbound,personal,business,africa,americas,east_asia_and_pacific,europe,middle_east,south_asia,others
16,73.89830508474576,82.88618895509725,0.019,3686649387.0,0.064,70.0,0.023,0.0,77.0,71.0,0.0,0.303,0.628,0.068,3089027.0,0.417,398000000.0,290000000.0,218.0,77.0,0.2,14.0,2.0,295.0,1.0,0.4,4.0
726,88.82235528942117,85.24349345750582,0.019,18881765437.0,0.039,38.0,0.013,0.0,77.0,70.0,0.1,0.258,0.675,0.067,19173000.0,0.184,709000000.0,462000000.0,445.0,56.0,2.0,26.0,84.0,266.0,7.0,116.0,0.0
1290,85.61771769100773,87.37257064345258,0.01,989931000000.0,0.053,365.0,0.013,0.2,73.0,60.0,1.0,0.149,0.713,0.138,142487260.0,0.735,9720000000.0,19478000000.0,19252.0,3234.0,28.0,533.0,1346.0,19873.0,33.0,72.0,601.0
2508,98.80478087649402,89.81761854139424,0.013,12344532541.0,0.06,228.0,0.014,0.5,80.0,74.0,1.1,0.213,0.681,0.106,2801681.0,0.543,1623000000.0,1374000000.0,3472.0,42.0,1.0,74.0,20.0,3214.0,2.0,1.0,202.0
862,71.29745515227367,76.52432318182403,0.019,663760000000.0,0.071,257.0,0.022,0.2,75.0,68.0,0.4,0.28,0.66,0.06,184010283.0,0.825,3389000000.0,3752000000.0,3418.0,1376.0,65.0,2703.0,156.0,1860.0,6.0,0.0,4.0
1505,77.11927981995498,76.24381233688035,0.018,33050343783.0,0.051,192.0,0.039,0.1,73.0,67.0,0.5,0.243,0.693,0.063,8581300.0,0.528,317000000.0,381000000.0,1028.0,305.0,1.0,11.0,8.0,1104.0,2.0,205.0,1.0
112,56.01750547045952,59.50918952065027,0.045,3253551750.0,0.056,18.0,0.1,0.0,42.0,42.0,0.0,0.457,0.515,0.027,10100981.0,0.348,67000000.0,102000000.0,256.0,201.0,294.0,27.0,28.0,105.0,0.0,2.0,0.0
1359,79.62962962962963,72.45906017712838,0.028,4879738636.0,0.057,30.0,0.064,0.1,62.0,58.0,0.1,0.377,0.581,0.042,9388642.0,0.458,126000000.0,239000000.0,86.0,22.0,0.0,99.0,0.0,7.0,0.0,0.0,2.0
2040,66.26466215099951,62.052469032936074,0.042,169481000000.0,0.068,74.0,0.085,0.2,51.0,51.0,0.5,0.439,0.534,0.027,155381020.0,0.426,791000000.0,6236000000.0,4011.0,2042.0,4175.0,256.0,351.0,1001.0,110.0,143.0,17.0
671,86.76470588235294,71.21740742804661,0.03,2826481072.0,0.053,17.0,0.069,0.0,60.0,57.0,0.0,0.389,0.57,0.041,8996229.0,0.406,96000000.0,202000000.0,118.0,18.0,0.0,125.0,0.0,8.0,0.0,0.0,3.0
1543,76.27118644067797,74.63846023403366,0.021,104850000000.0,0.034,233.0,0.025,0.0,73.0,61.0,0.8,0.244,0.682,0.073,15484192.0,0.543,1213000000.0,1396000000.0,4050.0,1260.0,2.0,33.0,220.0,5019.0,5.0,26.0,6.0
259,55.417956656346746,53.32441845108167,0.045,4075049537.0,0.056,12.0,0.109,0.0,49.0,46.0,0.0,0.44,0.529,0.032,18785719.0,0.293,64000000.0,132000000.0,179.0,144.0,368.0,0.0,0.0,37.0,0.0,0.0,0.0
1952,97.36842105263158,71.81072395525797,0.037,196473839.0,0.075,94.0,0.041,0.2,68.0,64.0,0.5,0.416,0.547,0.037,173240.0,0.612,8300000.0,400000.0,14.8,0.4,0.0,0.0,0.0,0.0,0.0,0.0,0.0
1410,70.15706806282722,82.56764709722228,0.014,6384457744.0,0.046,97.0,0.02,0.1,77.0,70.0,0.4,0.214,0.67,0.116,3002911.0,0.642,307000000.0,321000000.0,268.0,114.0,0.0,98.0,16.0,203.0,33.0,32.0,0.0
877,95.53822435839304,95.06741585138312,0.012,244728000000.0,0.097,4387.0,0.004,0.8,80.0,75.0,1.0,0.188,0.662,0.15,5404523.0,0.856,5652000000.0,7279000000.0,21070.0,984.0,0.0,126.0,83.0,4065.0,0.0,0.0,147.0
1677,72.80513918629549,82.89898930820539,0.022,79554350678.0,0.035,19.0,0.043,0.0,69.0,68.0,0.3,0.327,0.628,0.045,147969967.0,0.29,75000000.0,735000000.0,340.0,127.0,0.0,0.0,0.0,0.0,0.0,0.0,0.0
2660,67.36401673640168,82.75762459753017,0.031,999972421.0,0.08,148.0,0.026,0.1,69.0,66.0,0.6,0.404,0.563,0.033,549598.0,0.21,66900000.0,68000000.0,16.1,7.8,0.0,1.4,21.2,1.1,0.0,0.0,0.2
2120,80.1086127193573,80.37982128563476,0.013,1524920000000.0,0.063,669.0,0.01,0.4,75.0,63.0,1.7,0.149,0.72,0.131,142385523.0,0.737,13239000000.0,30169000000.0,17849.0,4432.0,37.0,421.0,1358.0,19569.0,41.0,89.0,766.0
2019,84.60128322639781,84.88005289337374,0.021,20661000000.0,0.068,228.0,0.016,0.1,76.0,67.0,1.2,0.328,0.604,0.068,6183484.0,0.638,549000000.0,253000000.0,923.0,168.0,0.0,1067.0,5.0,19.0,0.0,0.0,0.0
42,63.65914786967418,70.22365784469801,0.035,4982849054.0,0.048,13.0,0.065,0.0,58.0,56.0,0.0,0.414,0.556,0.03,18825034.0,0.439,357000000.0,162000000.0,254.0,145.0,136.0,34.0,19.0,99.0,3.0,0.0,108.0
2191,75.64102564102564,76.52029087365179,0.035,29385611867.0,0.047,14.0,0.051,0.0,63.0,60.0,0.1,0.444,0.523,0.033,87095281.0,0.173,1434000000.0,143000000.0,354.0,114.0,140.0,95.0,39.0,137.0,42.0,15.0,0.0
1787,93.54354354354354,84.27073221522119,0.015,30366148205.0,0.08,722.0,0.011,0.4,80.0,73.0,1.0,0.23,0.632,0.137,3348898.0,0.94,1195000000.0,466000000.0,1869.0,129.0,0.0,1544.0,14.0,139.0,0.0,0.0,300.0
937,87.65862944162437,89.80220914068616,0.01,591017000000.0,0.052,212.0,0.015,0.1,72.0,59.0,0.5,0.156,0.707,0.136,143821212.0,0.734,7262000000.0,16082000000.0,19341.0,2723.0,29.0,477.0,1314.0,19607.0,32.0,63.0,542.0
301,90.76701328116957,98.44074581707284,0.01,608856000000.0,0.072,1089.0,0.005,0.2,83.0,76.0,0.7,0.146,0.685,0.169,40756001.0,0.763,33829000000.0,8466000000.0,44081.0,4484.0,0.0,2125.0,256.0,45019.0,0.0,0.0,1165.0
1239,94.28571428571428,88.43749193534055,0.019,1001970945.0,0.045,544.0,0.011,0.3,77.0,72.0,1.0,0.283,0.644,0.073,82565.0,0.292,309000000.0,40000000.0,231.0,14.0,0.0,128.0,0.0,108.0,0.0,0.0,9.0
2265,51.75879396984925,70.57028411382748,0.038,6558416322.0,0.043,30.0,0.062,0.0,60.0,57.0,0.7,0.434,0.537,0.029,9509798.0,0.419,149000000.0,91000000.0,103.0,96.0,138.0,3.2,0.8,32.9,2.4,0.8,21.4
1130,63.084112149532714,71.4921267142231,0.034,10731883141.0,0.07,35.0,0.058,0.0,60.0,58.0,0.1,0.402,0.564,0.034,21384034.0,0.473,867000000.0,472000000.0,270.0,158.0,173.0,63.0,11.0,100.0,11.0,11.0,60.0
2064,81.35618042647673,83.65003465734804,0.017,378496000000.0,0.094,726.0,0.013,0.3,79.0,72.0,1.3,0.251,0.643,0.105,40023641.0,0.908,4476000000.0,5766000000.0,1694.323,388.276,0.0,3392.0,0.0,722.0,0.0,0.0,194.0
630,82.2429906542056,46.683497068846634,0.05,14188949240.0,0.049,45.0,0.125,0.0,49.0,46.0,0.0,0.477,0.498,0.025,15421075.0,0.346,63000000.0,49000000.0,88.0,19.0,31.0,15.0,5.0,55.0,0.0,0.0,0.0
2584,80.96523881927332,55.57217382321531,0.009,2013270000000.0,0.092,3032.0,0.003,0.6,86.0,80.0,1.6,0.14,0.651,0.208,59539717.0,0.686,43036000000.0,32798000000.0,61770.0,14522.0,278.8,4757.3,1656.9,68797.1,380.6,422.1,0.0
263,89.75069252077562,74.20203028912215,0.032,6007061224.0,0.053,13.0,0.057,0.0,64.0,62.0,0.0,0.403,0.559,0.039,23655119.0,0.14,191000000.0,128000000.0,324.0,37.0,2.0,43.0,88.0,142.0,0.0,86.0,0.0
2180,82.74509803921568,69.26790523188916,0.027,6622541529.0,0.067,45.0,0.073,0.1,64.0,60.0,0.4,0.362,0.594,0.045,9896400.0,0.52,169000000.0,431000000.0,211.0,44.0,0.0,221.0,0.0,27.0,0.0,0.0,7.0
1320,97.483989021043,90.371613297876,0.02,65637107776.0,0.052,113.0,0.034,0.2,71.0,68.0,0.5,0.302,0.648,0.05,30395097.0,0.556,6900000000.0,1113000000.0,6393.0,165.0,165.0,173.0,65.0,3025.0,106.0,9.0,3015.0
1735,71.2,75.31177917971084,0.036,9413002737.0,0.043,20.0,0.047,0.0,64.0,61.0,0.2,0.44,0.531,0.029,19926785.0,0.307,620000000.0,143000000.0,267.0,108.0,84.0,11.0,16.0,262.0,0.0,0.0,2.0
2131,87.09293467910874,83.85523944135278,0.016,36298327670.0,0.097,750.0,0.009,0.4,82.0,77.0,0.7,0.249,0.686,0.065,4669685.0,0.717,2179000000.0,533000000.0,1829.3,271.1,1.8,1781.6,25.2,286.9,0.4,3.3,0.6
1340,66.66666666666666,75.1253097609191,0.024,104668675.0,0.11,124.0,0.05,0.0,69.0,64.0,0.0,0.364,0.6,0.037,91953.0,0.436,2300000.0,5600000.0,1.8,0.9,0.0,0.8,2.7,0.2,0.0,0.0,0.7
392,51.35135135135135,59.280700806356066,0.042,2833442750.0,0.059,19.0,0.099,0.0,51.0,51.0,0.0,0.44,0.526,0.034,8895353.0,0.314,8200000.0,26000000.0,19.0,18.0,18.0,4.0,2.0,13.0,1.0,1.0,0.4
1723,87.01399688958008,81.47371988185495,0.022,213126000000.0,0.076,2076.0,0.004,0.6,83.0,79.0,1.3,0.274,0.624,0.103,7308800.0,0.917,5509000000.0,4693000000.0,2238.0,334.0,74.0,783.0,130.0,1521.0,18.0,33.0,13.0
69,88.45654993514916,80.30090174490547,0.019,1136896162.0,0.047,22.0,0.049,0.0,66.0,60.0,0.1,0.348,0.615,0.037,2397473.0,0.571,43000000.0,54000000.0,136.4,17.8,0.2,7.1,79.2,67.0,0.1,0.6,0.0
2381,94.56967213114754,90.79401495996558,0.015,14433926129.0,0.052,273.0,0.015,0.4,76.0,71.0,1.1,0.284,0.637,0.079,2699838.0,0.539,2055000000.0,213000000.0,1846.0,106.0,1.0,1687.0,7.0,254.0,1.0,1.0,0.0
1338,87.1662360034453,84.09235130534623,0.01,19935046397.0,0.068,590.0,0.01,0.5,77.0,66.0,1.0,0.144,0.681,0.175,2218357.0,0.68,622000000.0,788000000.0,4048.0,596.0,1.0,20.0,19.0,4601.0,1.0,1.0,0.0
1999,78.57663347097402,77.17586002393074,0.023,4583834427.0,0.064,111.0,0.03,0.1,71.0,63.0,0.8,0.271,0.691,0.038,2672223.0,0.666,253000000.0,242000000.0,323.5,88.2,0.4,14.2,241.2,153.8,0.6,1.4,0.0
2087,94.377990430622,79.60403754185614,0.026,11242266334.0,0.058,46.0,0.037,0.0,73.0,68.0,0.6,0.318,0.631,0.05,14364931.0,0.198,1332000000.0,268000000.0,2367.0,141.0,5.0,199.0,1789.0,496.0,1.0,19.0,0.0
2149,96.52625703121646,102.15501253729298,0.02,1051630000000.0,0.063,603.0,0.014,0.3,79.0,74.0,0.8,0.3,0.64,0.06,117886404.0,0.778,12628000000.0,9001000000.0,22480.0,809.0,15.0,20868.0,101.0,1418.0,0.0,0.0,888.0
2095,94.24427758265715,97.5330617888919,0.018,731168000000.0,0.068,680.0,0.02,0.4,78.0,71.0,0.9,0.267,0.662,0.071,72137546.0,0.707,26318000000.0,5817000000.0,31127.0,1901.0,247.0,550.0,628.0,21666.0,1896.0,1982.0,4395.0
1537,81.88634569850039,83.55187090160365,0.015,173006000000.0,0.064,665.0,0.008,0.4,82.0,76.0,0.8,0.237,0.678,0.085,16668892.0,0.879,2226000000.0,2042000000.0,2075.0,459.0,4.0,1968.0,91.0,437.0,1.0,4.0,2.0
287,81.35593220338984,80.16271611928875,0.029,76261998623.0,0.03,29.0,0.03,0.0,70.0,64.0,0.2,0.382,0.585,0.033,79297756.0,0.477,2011000000.0,1918000000.0,1440.0,330.0,2.0,451.0,986.0,202.0,16.0,22.0,118.0
2394,83.05084745762711,88.06677025050521,0.019,778518505.0,0.065,481.0,0.011,0.3,75.0,70.0,1.2,0.272,0.656,0.072,105074.0,0.356,117000000.0,10000000.0,98.0,20.0,1.0,65.0,1.0,36.0,0.0,0.0,15.0
929,74.53703703703704,68.84698187387033,0.028,97977766198.0,0.028,18.0,0.082,0.1,66.0,64.0,0.0,0.388,0.571,0.041,155151394.0,0.344,765000000.0,1612000000.0,483.0,165.0,13.0,103.0,60.0,281.0,28.0,160.0,3.0
1720,70.50359712230215,80.73891094480771,0.022,1224100000000.0,0.039,43.0,0.05,0.0,67.0,63.0,0.3,0.31,0.641,0.049,1174662334.0,0.302,12462000000.0,12083000000.0,3724.0,1558.0,136.0,1071.0,866.0,1956.0,166.0,1052.0,35.0
2201,57.55725190839694,80.473631173027,0.025,161207000000.0,0.042,181.0,0.024,0.1,72.0,69.0,0.9,0.271,0.681,0.047,37062820.0,0.675,323000000.0,737000000.0,377.0,278.0,311.0,10.0,42.0,242.0,50.0,0.0,1415.0
2663,74.2652307501319,68.02616262983847,0.013,2461770000000.0,0.094,3647.0,0.004,0.9,84.0,80.0,1.2,0.175,0.653,0.172,63695687.0,0.818,45966000000.0,66182000000.0,23929.0,8292.0,638.0,4051.1,2592.1,23793.6,680.7,465.5,0.0
588,61.182994454713494,55.15506109031389,0.045,4201332885.0,0.064,14.0,0.104,0.0,49.0,46.0,0.0,0.441,0.527,0.032,19319894.0,0.295,65000000.0,115000000.0,331.0,210.0,848.0,10.0,6.0,54.0,0.0,0.0,25.0
2333,89.34426229508196,73.28979339688553,0.036,248286778.0,0.076,108.0,0.039,0.2,68.0,64.0,0.6,0.416,0.549,0.035,183177.0,0.626,15900000.0,1400000.0,10.9,1.3,3.0,1.0,0.5,6.7,0.1,1.0,0.0
919,45.95744680851064,58.325113674528524,0.044,5697991241.0,0.059,16.0,0.095,0.0,49.0,46.0,0.0,0.446,0.522,0.032,20438827.0,0.298,96000000.0,140000000.0,216.0,254.0,623.0,6.0,0.0,57.0,0.0,0.0,25.0
1205,75.0,86.00303881124574,0.009,26085307222.0,0.058,446.0,0.008,0.4,77.0,65.0,1.3,0.167,0.681,0.151,3322528.0,0.666,975000000.0,757000000.0,1500.0,500.0,1.0,24.0,15.0,623.0,0.0,0.0,19.0
897,80.99667774086379,82.74814273508667,0.021,126571000000.0,0.076,1410.0,0.005,0.2,82.0,78.0,1.1,0.279,0.621,0.1,6809000.0,0.915,2908000000.0,3663000000.0,1219.0,286.0,40.0,487.0,66.0,861.0,29.0,15.0,8.0
99,86.7330016583748,84.28293329953397,0.03,19325894913.0,0.049,59.0,0.02,0.0,75.0,72.0,0.0,0.408,0.558,0.034,16371208.0,0.519,1082000000.0,669000000.0,2615.0,400.0,66.0,38.0,26.0,398.0,2111.0,243.0,530.0
1691,92.51764705882353,77.8348244791593,0.026,10351829066.0,0.055,41.0,0.042,0.0,72.0,67.0,0.3,0.332,0.62,0.048,13940518.0,0.195,1280000000.0,180000000.0,1966.0,159.0,4.0,205.0,1436.0,464.0,1.0,16.0,0.0
576,65.52567237163814,79.0363656178883,0.023,12272400000.0,0.08,310.0,0.021,0.1,78.0,73.0,0.2,0.316,0.627,0.057,3178450.0,0.628,710000000.0,252000000.0,268.0,141.0,0.0,376.0,12.0,38.0,0.0,0.0,0.0
1405,54.50000000000001,80.56052953624422,0.023,61901116736.0,0.034,14.0,0.048,0.0,68.0,67.0,0.1,0.338,0.619,0.044,144868702.0,0.275,80000000.0,444000000.0,109.0,91.0,2.0,25.0,37.0,57.0,4.0,75.0,0.0
446,80.8641975308642,83.15175436475039,0.013,2376335048.0,0.054,42.0,0.024,0.0,76.0,69.0,0.0,0.241,0.651,0.108,3047002.0,0.643,81000000.0,85000000.0,131.0,31.0,0.0,46.0,3.0,80.0,14.0,19.0,0.0
376,84.80392156862744,69.94617180046467,0.027,3979813388.0,0.062,20.0,0.076,0.0,66.0,60.0,0.0,0.397,0.564,0.039,12472586.0,0.187,429000000.0,59000000.0,346.0,62.0,0.0,44.0,158.0,66.0,0.0,5.0,0.0
2513,82.72949877567338,76.81500316367567,0.012,523941000000.0,0.096,5319.0,0.002,0.9,84.0,80.0,1.2,0.167,0.644,0.189,9519374.0,0.854,12415000000.0,17664000000.0,16555.0,3456.0,34.8,652.0,313.6,18921.7,44.2,45.0,0.0
1522,84.66666666666667,75.14463458863426,0.028,1597484736.0,0.085,69.0,0.082,0.0,45.0,45.0,0.2,0.389,0.566,0.045,1955784.0,0.233,31000000.0,276000000.0,254.0,46.0,271.0,3.0,5.0,20.0,0.0,0.0,1.0
417,96.88506981740065,80.68089459951076,0.024,26570402719.0,0.063,176.0,0.032,0.1,74.0,68.0,0.2,0.342,0.604,0.054,8935261.0,0.634,2730000000.0,429000000.0,2706.0,87.0,0.0,1261.0,3.0,1031.0,0.0,0.0,498.0
103,82.95739348370927,86.19377396145188,0.015,8154315708.0,0.04,260.0,0.025,0.1,72.0,65.0,0.1,0.256,0.679,0.065,1267980.0,0.108,371000000.0,190000000.0,331.0,68.0,1.0,309.0,4.0,83.0,0.0,1.0,1.0
1982,86.69257950530034,86.96925420877051,0.011,263711000000.0,0.041,164.0,0.013,0.2,77.0,70.0,1.0,0.199,0.715,0.086,66277335.0,0.427,19814000000.0,5749000000.0,12267.0,1883.0,108.0,795.0,7994.0,4031.0,298.0,923.0,0.0
1343,88.77519379844962,83.12014859986962,0.03,15056937190.0,0.081,224.0,0.02,0.1,74.0,71.0,0.8,0.374,0.594,0.032,5536000.0,0.814,2426000000.0,956000000.0,2863.0,362.0,50.0,164.0,83.0,424.0,1880.0,42.0,582.0
1554,74.38386855862585,83.43359831684529,0.021,20104900000.0,0.063,207.0,0.018,0.1,76.0,66.0,1.0,0.343,0.592,0.065,6122952.0,0.627,793000000.0,363000000.0,996.0,343.0,1.0,1285.0,12.0,41.0,0.0,0.0,0.0
2061,97.42990654205607,86.04971855898143,0.021,121204000000.0,0.053,234.0,0.016,0.3,76.0,71.0,0.9,0.304,0.637,0.059,28934303.0,0.766,2440000000.0,1404000000.0,2085.0,55.0,3.5,1581.2,104.2,446.4,0.0,3.4,1.0
2119,53.9039039039039,74.01675053477757,0.037,5624809049.0,0.108,56.0,0.044,0.1,64.0,61.0,0.3,0.447,0.53,0.023,10836732.0,0.24,224000000.0,120000000.0,359.0,307.0,547.7,33.5,10.7,54.2,2.8,17.9,0.0
1694,54.57516339869281,60.19333936062927,0.036,1985370255.0,0.043,20.0,0.107,0.0,48.0,45.0,0.1,0.412,0.549,0.039,4185106.0,0.385,11800000.0,56000000.0,16.7,13.9,16.0,1.3,2.2,10.6,0.4,0.0,0.1
2593,88.17966903073287,75.85889379459584,0.028,2328196275.0,0.116,138.0,0.074,0.0,49.0,49.0,0.8,0.368,0.591,0.042,2051545.0,0.258,46000000.0,256000000.0,373.0,50.0,404.0,3.0,3.0,13.0,0.0,0.0,0.0
1366,61.97183098591549,72.25838301789187,0.034,20410239313.0,0.054,48.0,0.057,0.0,60.0,58.0,0.2,0.399,0.566,0.034,21947779.0,0.48,910000000.0,575000000.0,308.0,189.0,140.0,74.0,8.0,96.0,10.0,14.0,155.0
2578,96.8093653161942,116.23763424568418,0.009,124600000000.0,0.078,987.0,0.005,0.7,79.0,72.0,1.2,0.146,0.683,0.17,9920362.0,0.698,5923000000.0,2514000000.0,42175.0,1390.0,26.0,577.0,459.0,42503.0,0.0,0.0,0.0
1530,86.10097907467843,82.34234608633614,0.011,28765687042.0,0.07,883.0,0.01,0.6,77.0,66.0,1.0,0.142,0.68,0.178,2200325.0,0.679,881000000.0,1021000000.0,4485.0,724.0,3.0,32.0,18.0,5150.0,2.0,2.0,0.0
2430,95.19999999999999,84.81554525854855,0.024,1489000000.0,0.058,264.0,0.015,0.2,77.0,71.0,0.7,0.349,0.612,0.039,316280.0,0.447,248000000.0,37000000.0,238.0,12.0,0.5,203.0,6.0,30.0,0.6,0.0,10.0
1590,93.88429752066115,83.91712943262363,0.015,23410536914.0,0.08,560.0,0.012,0.3,80.0,73.0,0.9,0.233,0.63,0.137,3338384.0,0.938,928000000.0,354000000.0,1704.0,111.0,0.0,1407.0,13.0,133.0,0.0,0.0,262.0
2497,90.41666666666667,84.35377546103891,0.018,5012121212.0,0.059,521.0,0.021,0.3,74.0,68.0,1.1,0.278,0.656,0.066,534541.0,0.662,79000000.0,58000000.0,217.0,23.0,0.5,123.7,4.6,107.7,0.0,0.7,2.9
2403,87.9222972972973,84.89268806215344,0.02,23139000000.0,0.068,252.0,0.015,0.2,77.0,67.0,1.3,0.313,0.617,0.07,6256242.0,0.648,729000000.0,244000000.0,1041.0,143.0,0.0,1140.0,10.0,34.0,0.0,0.0,0.0
439,90.56109071840586,86.28387650694015,0.009,14594925393.0,0.065,96.0,0.009,0.1,74.0,62.0,0.0,0.172,0.687,0.14,9865000.0,0.709,295000000.0,527000000.0,1727.0,180.0,0.0,3.0,3.0,57.0,0.0,0.0,0.0
599,77.17086834733894,85.21997670193875,0.009,14163949142.0,0.064,263.0,0.009,0.2,78.0,66.0,0.5,0.187,0.669,0.144,3443067.0,0.668,556000000.0,334000000.0,1102.0,326.0,0.0,16.0,10.0,358.0,0.0,0.0,9.0
1236,71.4898177920686,81.5860445036555,0.021,146520000000.0,0.058,197.0,0.018,0.1,76.0,69.0,0.5,0.308,0.642,0.051,43184026.0,0.736,1574000000.0,1565000000.0,667.0,266.0,1.0,730.0,15.0,183.0,1.0,2.0,1.0
1555,81.11896489756799,78.6084886562812,0.009,4356350000000.0,0.082,2801.0,0.003,0.7,86.0,79.0,0.8,0.136,0.654,0.21,127770750.0,0.88,12422000000.0,37261000000.0,6771.0,1576.0,20.0,1054.0,6268.0,898.0,3.0,103.0,1.0
2602,92.03049203049203,83.84001898817266,0.01,8863076923.0,0.091,1835.0,0.005,0.7,83.0,79.0,1.2,0.15,0.694,0.156,419455.0,0.95,1451000000.0,408000000.0,1328.0,115.0,0.0,18.0,0.0,1325.0,17.0,0.0,83.0
47,94.8908499767766,81.7281336559287,0.026,476609000000.0,0.043,20.0,0.067,0.0,63.0,61.0,0.0,0.342,0.614,0.044,1042261758.0,0.277,3598000000.0,3686000000.0,2043.0,110.0,91.0,455.0,364.0,955.0,69.0,674.0,42.0
297,60.58091286307054,45.23126469863456,0.044,1079478388.0,0.16,40.0,0.139,0.0,40.0,38.0,0.0,0.429,0.547,0.024,4295667.0,0.359,14000000.0,42000000.0,14.6,9.5,11.4,3.2,1.8,6.3,1.4,0.0,0.0
1641,96.00111080255485,100.70070213679915,0.021,1043390000000.0,0.058,565.0,0.016,0.2,78.0,74.0,0.6,0.314,0.63,0.056,113529819.0,0.769,14055000000.0,9918000000.0,20742.0,864.0,10.0,18699.0,109.0,1408.0,0.0,0.0,1380.0
1524,43.58288770053476,63.11319468038678,0.044,6755823933.0,0.077,32.0,0.079,0.0,54.0,53.0,0.1,0.463,0.511,0.025,14235075.0,0.232,61000000.0,93000000.0,163.0,211.0,121.0,20.0,12.0,127.0,2.0,0.0,7.0
731,92.3076923076923,84.02651635646518,0.029,208098552.0,0.051,106.0,0.014,0.0,74.0,69.0,0.1,0.382,0.559,0.06,99691.0,0.231,10300000.0,13200000.0,36.0,3.0,0.0,8.0,28.0,4.0,0.0,0.0,0.0
1228,94.9367088607595,83.31921309627594,0.027,1114200000.0,0.044,182.0,0.018,0.1,75.0,69.0,0.4,0.379,0.58,0.041,271920.0,0.463,214000000.0,45000000.0,225.0,12.0,0.0,190.0,4.0,33.0,0.0,0.0,8.0
688,82.14285714285714,70.0064550282481,0.039,5474030228.0,0.048,15.0,0.061,0.0,62.0,59.0,0.0,0.452,0.518,0.029,17245275.0,0.279,119000000.0,67000000.0,115.0,25.0,22.0,4.0,5.0,99.0,0.0,0.0,9.0
2592,86.53055361022822,84.49223495703967,0.01,28372577697.0,0.06,792.0,0.008,0.7,79.0,69.0,1.1,0.146,0.669,0.185,2034319.0,0.675,1068000000.0,863000000.0,4818.8,750.1,0.0,41.4,0.0,5348.7,0.0,0.0,178.8
1371,91.62112932604735,82.82633134368163,0.023,3103099942.0,0.038,144.0,0.02,0.1,72.0,66.0,0.3,0.3,0.657,0.042,828060.0,0.503,684000000.0,123000000.0,503.0,46.0,0.0,81.0,394.0,65.0,0.0,0.0,9.0
2005,93.84828862164663,78.2964748467273,0.026,10401935532.0,0.063,46.0,0.039,0.0,73.0,68.0,0.4,0.324,0.627,0.049,14144225.0,0.197,1208000000.0,163000000.0,2029.0,133.0,5.0,201.0,1467.0,470.0,1.0,16.0,0.0
1887,91.69070311646547,102.2776002195807,0.011,1454340000000.0,0.096,3058.0,0.004,0.6,85.0,79.0,1.1,0.148,0.682,0.17,46362946.0,0.782,59743000000.0,22787000000.0,47842.1,4335.6,267.4,2574.0,505.0,48204.4,0.0,0.0,627.0
722,80.11653313911144,85.67373203588636,0.009,29152072068.0,0.086,1263.0,0.004,0.3,81.0,73.0,0.9,0.147,0.703,0.15,1995733.0,0.507,1427000000.0,805000000.0,1100.0,273.0,0.0,36.0,17.0,1308.0,0.0,0.0,12.0
1188,65.0,58.10399489835402,0.037,1350300947.0,0.044,15.0,0.111,0.0,47.0,43.0,0.0,0.419,0.542,0.04,3960897.0,0.381,7200000.0,46000000.0,7.8,4.2,6.2,0.6,0.4,4.3,0.4,0.0,0.1
1623,75.2855185015989,75.91823654651114,0.012,393479000000.0,0.095,7978.0,0.003,0.9,83.0,78.0,1.1,0.193,0.66,0.147,4709153.0,0.782,5322000000.0,13256000000.0,3296.0,1082.0,0.0,177.0,32.0,3939.0,0.0,0.0,229.0
1916,73.40579710144928,82.08979949148568,0.014,172323000000.0,0.075,760.0,0.008,0.4,82.0,76.0,1.0,0.226,0.685,0.089,16991729.0,0.884,2350000000.0,1504000000.0,2026.0,734.0,4.0,2174.0,73.0,383.0,1.0,3.0,122.0
732,80.68459657701712,84.00504564746845,0.015,11235960523.0,0.051,449.0,0.025,0.3,73.0,65.0,0.3,0.23,0.701,0.069,1283868.0,0.102,437000000.0,143000000.0,330.0,79.0,1.0,324.0,3.0,79.0,0.0,1.0,0.0
2105,91.69466750194583,103.32531522312033,0.01,1384840000000.0,0.096,2902.0,0.004,0.7,85.0,79.0,1.1,0.149,0.68,0.171,46576897.0,0.784,59042000000.0,22733000000.0,48302.0,4375.0,302.0,2618.0,962.0,48290.0,68.0,30.0,407.0
2379,92.9040404040404,85.56781083421521,0.028,28840197019.0,0.088,386.0,0.017,0.3,75.0,72.0,1.1,0.346,0.62,0.034,6181000.0,0.827,3860000000.0,1280000000.0,3679.0,281.0,50.0,189.0,154.0,627.0,1893.0,77.0,969.0
1280,70.40303558609374,75.29487039397796,0.01,147794000000.0,0.037,1167.0,0.002,0.6,83.0,78.0,1.0,0.188,0.729,0.083,4401400.0,1.0,7536000000.0,11268000000.0,6865.0,2886.0,87.0,510.0,7012.0,1220.0,66.0,850.0,6.0
2622,78.92918825561313,82.32881432928465,0.024,24611040343.0,0.103,392.0,0.019,0.3,74.0,70.0,1.0,0.328,0.619,0.054,6687361.0,0.589,265000000.0,341000000.0,457.0,122.0,0.6,519.0,12.0,46.0,0.7,0.5,0.0
853,88.58302452796894,90.50514005227589,0.019,13150516509.0,0.039,539.0,0.01,0.2,76.0,75.0,0.8,0.283,0.694,0.023,820505.0,0.884,1504000000.0,528000000.0,5020.0,647.0,76.0,200.0,268.0,334.0,4141.0,648.0,0.0
2360,70.15638575152042,78.0269574848009,0.023,8761426371.0,0.06,190.0,0.028,0.1,71.0,63.0,1.1,0.27,0.692,0.038,2754209.0,0.685,258000000.0,404000000.0,323.0,137.4,1.1,19.9,278.8,157.9,0.7,2.0,0.0
226,65.68047337278107,82.59248486112719,0.022,28420321952.0,0.041,261.0,0.024,0.0,74.0,71.0,0.0,0.326,0.634,0.04,5258677.0,0.764,90000000.0,572000000.0,111.0,58.0,515.0,1.0,6.0,40.0,388.0,4.0,0.0
1285,81.40371229698376,86.29357756563351,0.023,376900000000.0,0.037,537.0,0.016,0.2,76.0,72.0,0.8,0.335,0.634,0.03,25371936.0,0.812,4769000000.0,12979000000.0,7017.0,1603.0,489.0,66.0,595.0,485.0,5516.0,1469.0,0.0
2598,36.81204569055036,75.22424390926477,0.04,4240492849.0,0.092,25.0,0.046,0.0,55.0,55.0,0.3,0.454,0.514,0.031,15906483.0,0.158,38000000.0,101000000.0,283.6,486.8,631.1,28.4,7.0,92.0,2.3,4.2,5.2
1351,83.67368468644975,71.30775399078752,0.01,1872980000000.0,0.088,2818.0,0.004,0.4,84.0,79.0,1.4,0.141,0.661,0.198,58143979.0,0.679,41644000000.0,27437000000.0,55520.0,10833.0,379.2,4243.4,1283.5,59710.3,373.1,363.4,0.0
578,85.25179856115108,86.38641978186186,0.023,20049414986.0,0.032,278.0,0.013,0.1,75.0,71.0,0.2,0.366,0.609,0.024,2308409.0,0.715,539000000.0,702000000.0,948.0,164.0,0.0,0.0,0.0,0.0,0.0,0.0,0.0
2000,94.49706270231387,90.30332248144234,0.021,90908402631.0,0.057,165.0,0.03,0.4,72.0,68.0,0.8,0.285,0.665,0.05,31276564.0,0.572,7980000000.0,1713000000.0,7882.0,459.0,223.0,215.0,77.7,3624.0,134.7,11.8,4055.0
2205,73.6470588235294,54.01402147871178,0.046,82470894868.0,0.034,144.0,0.11,0.1,52.0,49.0,0.5,0.478,0.498,0.024,19549124.0,0.401,726000000.0,275000000.0,313.0,112.0,73.0,83.0,81.0,170.0,9.0,10.0,0.0
1105,94.31664411366711,88.94845425797823,0.018,11075778481.0,0.041,170.0,0.018,0.1,74.0,69.0,0.7,0.311,0.612,0.077,2643601.0,0.528,1783000000.0,290000000.0,1394.0,84.0,1.0,1234.0,8.0,235.0,0.0,0.0,0.0
2068,92.6669780476413,86.52364738219009,0.012,23542650736.0,0.074,2115.0,0.003,0.5,81.0,77.0,0.9,0.181,0.705,0.114,1090553.0,0.677,2474000000.0,1638000000.0,1984.0,157.0,7.0,24.0,15.0,2040.0,50.0,5.0,0.0
1781,92.0,85.32360121273854,0.028,346850176.0,0.063,207.0,0.012,0.1,75.0,69.0,0.5,0.377,0.563,0.059,102947.0,0.233,19500000.0,25100000.0,46.0,4.0,0.0,6.0,31.0,6.0,0.0,0.0,7.0
1672,66.12903225806451,83.17539618826174,0.014,11662040714.0,0.038,149.0,0.018,0.1,77.0,71.0,0.5,0.208,0.681,0.111,2977488.0,0.64,377000000.0,383000000.0,369.0,189.0,1.0,135.0,24.0,308.0,44.0,46.0,0.0
334,83.5820895522388,46.74185931347347,0.05,8936079253.0,0.058,36.0,0.127,0.0,47.0,45.0,0.0,0.477,0.499,0.025,14385283.0,0.332,35000000.0,80000000.0,56.0,11.0,15.0,9.0,4.0,38.0,0.0,1.0,0.0
739,93.96551724137932,81.6460914384783,0.016,12045627411.0,0.097,351.0,0.013,0.2,79.0,72.0,0.2,0.242,0.625,0.134,3325411.0,0.928,419000000.0,236000000.0,1417.0,91.0,0.0,1160.0,6.0,73.0,0.0,0.0,269.0
1607,64.59627329192547,52.999442936511684,0.04,2158653216.0,0.14,56.0,0.122,0.0,44.0,43.0,0.1,0.425,0.55,0.025,5416015.0,0.374,22000000.0,17000000.0,20.8,11.4,10.8,6.2,2.6,11.3,1.0,0.0,0.3
899,94.48763250883391,89.38653923414705,0.017,10173234921.0,0.048,183.0,0.018,0.1,74.0,68.0,0.7,0.315,0.609,0.076,2634145.0,0.526,1733000000.0,318000000.0,1337.0,78.0,1.0,1162.0,8.0,243.0,0.0,1.0,0.0
1680,64.0424343941932,72.15396588530214,0.012,507379000000.0,0.099,4715.0,0.004,0.7,83.0,77.0,1.1,0.168,0.661,0.171,10709973.0,0.975,13106000000.0,21445000000.0,4588.0,2576.0,63.0,399.0,268.0,6187.0,22.0,64.0,161.0
617,85.60606060606061,88.84178700133853,0.019,544381962.0,0.066,353.0,0.013,0.1,73.0,68.0,0.1,0.33,0.592,0.077,102099.0,0.361,91000000.0,8000000.0,113.0,19.0,0.0,77.0,1.0,39.0,0.0,0.0,15.0
2440,97.0954356846473,91.32459438621467,0.017,1127037037.0,0.055,703.0,0.008,0.5,78.0,73.0,2.0,0.258,0.67,0.072,88152.0,0.257,312000000.0,50000000.0,234.0,7.0,0.0,146.6,1.3,92.0,0.0,0.0,1.3
353,60.0,57.322225637278876,0.039,931833294.0,0.04,10.0,0.113,0.0,45.0,42.0,0.0,0.422,0.538,0.04,3704045.0,0.377,5000000.0,29000000.0,6.0,4.0,5.0,0.7,0.4,3.5,0.1,0.0,0.2
655,80.0,65.37800671091594,0.039,324470869.0,0.036,21.0,0.072,0.0,60.0,57.0,0.0,0.414,0.556,0.03,570491.0,0.279,16000000.0,8000000.0,16.4,4.1,5.6,0.0,0.6,8.0,0.0,0.0,0.2
315,86.06433142472213,84.62740040083466,0.008,38009344577.0,0.057,44.0,0.015,0.0,74.0,63.0,0.0,0.168,0.691,0.141,48683865.0,0.672,759000000.0,676000000.0,10221.0,1655.0,5.0,64.0,17.0,9061.0,13.0,7.0,6.0
2594,71.19536598209584,83.83913694817949,0.01,42343559196.0,0.067,859.0,0.005,0.7,80.0,68.0,1.7,0.151,0.693,0.156,2987773.0,0.666,1430000000.0,1058000000.0,1352.0,547.0,5.3,40.6,60.2,1775.2,0.0,0.0,18.2
2577,72.29050279329608,81.4337144899213,0.026,18564264545.0,0.086,195.0,0.02,0.2,76.0,71.0,0.9,0.357,0.599,0.044,7935846.0,0.529,666000000.0,464000000.0,647.0,248.0,0.7,734.4,30.0,126.0,0.5,1.1,1.8
618,63.56107660455487,71.87059351363456,0.034,6166197192.0,0.048,15.0,0.062,0.0,58.0,57.0,0.0,0.409,0.559,0.032,19786307.0,0.453,383000000.0,184000000.0,307.0,176.0,164.0,41.0,23.0,120.0,4.0,0.0,131.0
1370,69.93451824134705,75.77262861639895,0.011,207949000000.0,0.083,3302.0,0.003,0.8,83.0,76.0,1.1,0.172,0.667,0.161,5266268.0,0.83,3515000000.0,4099000000.0,3738.0,1607.0,13.0,167.0,262.0,4891.0,4.0,8.0,0.0
1155,90.06211180124224,81.83337016480223,0.02,1793557833.0,0.068,243.0,0.026,0.1,72.0,66.0,0.5,0.299,0.64,0.061,499523.0,0.667,96000000.0,94000000.0,145.0,16.0,0.3,56.0,4.0,100.0,0.0,0.0,0.2
2345,68.30318690783808,71.21801451555902,0.026,213686000000.0,0.03,36.0,0.072,0.1,67.0,65.0,0.6,0.349,0.608,0.043,176166353.0,0.37,1123000000.0,1851000000.0,793.0,368.0,25.0,251.0,140.0,485.0,40.0,212.0,8.0
1247,83.79988088147708,85.01123349738072,0.017,19964893807.0,0.077,364.0,0.009,0.2,81.0,76.0,0.3,0.279,0.662,0.059,4320130.0,0.657,1810000000.0,556000000.0,1407.0,272.0,1.0,1412.0,24.0,242.0,0.0,0.0,1.0
2284,38.40749414519906,65.60383117990497,0.043,9209288383.0,0.074,41.0,0.07,0.0,56.0,54.0,0.4,0.46,0.515,0.025,15540284.0,0.257,105000000.0,110000000.0,164.0,263.0,128.0,20.0,7.0,107.0,1.0,0.0,10.0
221,78.71505640019618,83.50102189469487,0.008,8313047744.0,0.062,215.0,0.014,0.1,77.0,65.0,0.3,0.172,0.674,0.154,2337170.0,0.68,153000000.0,255000000.0,1605.0,434.0,0.0,21.0,16.0,1999.0,0.0,2.0,0.0
1596,81.06904231625836,85.7180238792777,0.015,21830397705.0,0.048,790.0,0.023,0.3,73.0,66.0,1.2,0.211,0.713,0.076,1310040.0,0.096,621000000.0,155000000.0,364.0,85.0,1.0,356.0,6.0,83.0,0.0,3.0,0.0
2378,95.78906634770985,84.08588556151741,0.023,188049000000.0,0.039,458.0,0.018,0.5,74.0,64.0,1.6,0.252,0.683,0.066,16556600.0,0.536,1524000000.0,1831000000.0,5445.8,239.4,2.0,29.0,178.0,5436.0,5.0,23.0,12.0
2573,80.22530677932005,79.60325805150214,0.031,50388454861.0,0.067,226.0,0.027,0.2,75.0,68.0,1.4,0.408,0.547,0.045,15082831.0,0.502,1419000000.0,914000000.0,1196.4,294.9,1.4,1275.1,25.5,114.2,0.5,1.6,72.8
235,45.86466165413533,60.58571509622902,0.045,1716502069.0,0.051,8.0,0.097,0.0,46.0,46.0,0.0,0.46,0.51,0.03,11623166.0,0.147,40000000.0,52000000.0,122.0,144.0,203.0,12.0,0.0,43.0,0.0,0.0,8.0
117,90.19607843137256,46.846254184306645,0.05,9129594819.0,0.034,22.0,0.128,0.0,47.0,44.0,0.0,0.476,0.499,0.025,13924930.0,0.324,34000000.0,146000000.0,46.0,5.0,8.0,8.0,3.0,31.0,0.0,1.0,0.0
1046,94.21052631578948,88.40533138296712,0.012,16997801392.0,0.064,1434.0,0.004,0.3,81.0,77.0,0.8,0.2,0.693,0.107,1032586.0,0.683,2644000000.0,1001000000.0,2327.0,143.0,7.0,29.0,15.0,2375.0,40.0,3.0,1.0
2150,95.88851477740367,97.14985594724553,0.011,312949000000.0,0.111,6266.0,0.003,0.9,81.0,77.0,1.2,0.18,0.654,0.167,5547683.0,0.868,5704000000.0,9082000000.0,25631.0,1099.0,0.0,646.0,190.0,8128.0,0.0,0.0,461.0
2564,68.45637583892618,77.33223885255867,0.034,42805215879.0,0.038,18.0,0.046,0.0,65.0,61.0,0.2,0.433,0.533,0.034,91728849.0,0.182,1980000000.0,181000000.0,408.0,188.0,169.0,121.2,52.4,181.3,51.3,21.5,0.0
1375,96.39344262295081,83.08551340192955,0.023,35965041793.0,0.052,197.0,0.028,0.1,75.0,69.0,0.5,0.327,0.616,0.057,9479269.0,0.687,3917000000.0,495000000.0,3822.0,143.0,0.0,1948.0,5.0,1389.0,0.0,0.0,624.0
1699,78.77859672633292,83.811551383943,0.016,29831167681.0,0.09,593.0,0.009,0.3,81.0,77.0,0.4,0.26,0.678,0.062,4532711.0,0.694,2533000000.0,718000000.0,1646.0,443.4,2.0,1755.0,28.0,300.0,0.0,0.0,4.0
1665,94.43269908386188,87.75943690201876,0.013,12881352688.0,0.061,251.0,0.016,0.2,80.0,74.0,0.6,0.243,0.662,0.095,2912559.0,0.5,1848000000.0,1644000000.0,1340.0,79.0,0.3,61.0,15.0,1335.0,1.0,0.5,6.0
1301,35.8974358974359,74.52879466277221,0.032,5598700444.0,0.035,31.0,0.055,0.0,63.0,59.0,0.0,0.399,0.575,0.026,6245797.0,0.131,3900000.0,43000000.0,28.0,50.0,1.0,7.0,63.0,5.0,0.0,1.0,0.0
76,46.0,52.85848890291646,0.053,1798374533.0,0.064,10.0,0.101,0.0,51.0,51.0,0.0,0.479,0.495,0.025,10989815.0,0.162,23000000.0,32000000.0,23.0,27.0,28.0,3.0,1.0,14.0,0.0,0.0,4.0
62,45.37444933920705,58.565229504770514,0.045,1743506287.0,0.061,9.0,0.103,0.0,46.0,46.0,0.0,0.458,0.511,0.031,11321496.0,0.146,29000000.0,53000000.0,103.0,124.0,171.0,11.0,0.0,38.0,0.0,0.0,8.0
1565,86.70187229956792,81.79402039180692,0.016,259574000000.0,0.079,4733.0,0.004,0.6,82.0,77.0,1.2,0.208,0.681,0.111,4398942.0,0.61,9263000000.0,8785000000.0,7224.0,1108.0,39.0,1099.0,249.0,6946.0,0.0,0.0,0.0
724,93.7586471944658,87.52603719072255,0.023,168219000000.0,0.086,310.0,0.053,0.1,54.0,51.0,0.4,0.316,0.645,0.039,46409243.0,0.584,6674000000.0,3655000000.0,6099.0,406.0,4450.0,262.0,225.0,1339.0,15.0,41.0,173.0
2375,96.28252788104089,86.40653514308127,0.021,160600000000.0,0.026,1349.0,0.009,0.7,75.0,73.0,1.6,0.251,0.728,0.021,3124705.0,0.983,644000000.0,9179000000.0,259.0,10.0,113.0,223.0,227.0,188.0,3434.0,1352.0,37.0
2147,73.73383030037273,77.41591840658896,0.023,6200357070.0,0.063,143.0,0.029,0.1,71.0,63.0,0.9,0.27,0.692,0.038,2712738.0,0.676,288000000.0,319000000.0,336.3,119.8,0.6,16.5,263.8,173.0,0.6,1.6,0.0
2372,87.1859296482412,76.31353861930967,0.028,2487352968.0,0.117,146.0,0.073,0.0,48.0,48.0,0.6,0.372,0.586,0.042,2029516.0,0.253,29000000.0,300000000.0,347.0,51.0,380.0,3.0,2.0,13.0,0.0,0.0,0.0
1501,80.98690500760259,82.65981768801507,0.017,329761000000.0,0.082,548.0,0.014,0.3,79.0,71.0,1.0,0.257,0.639,0.104,39331357.0,0.904,4984000000.0,5063000000.0,1922.783,451.407,0.0,3609.0,0.0,738.0,0.0,0.0,215.0
92,82.47706422018348,87.1949716653692,0.009,19979467790.0,0.083,831.0,0.005,0.2,79.0,72.0,0.6,0.159,0.7,0.141,1988925.0,0.508,1016000000.0,544000000.0,899.0,191.0,0.0,30.0,12.0,1038.0,0.0,0.0,10.0
1976,49.40397350993378,72.97647391204708,0.041,5030639934.0,0.083,29.0,0.055,0.0,53.0,53.0,0.2,0.459,0.51,0.031,14573338.0,0.154,46000000.0,91000000.0,373.0,382.0,574.0,46.0,12.0,105.0,2.0,14.0,2.0
883,92.26190476190477,83.07779220251476,0.024,2727507213.0,0.036,120.0,0.02,0.1,71.0,66.0,0.2,0.314,0.646,0.04,818995.0,0.495,588000000.0,118000000.0,465.0,39.0,0.0,78.0,353.0,70.0,0.0,0.0,3.0
1260,94.42302614206496,95.52516586576644,0.01,107753000000.0,0.064,147.0,0.012,0.0,74.0,62.0,1.0,0.143,0.697,0.16,46787750.0,0.68,4018000000.0,3202000000.0,17879.0,1056.0,9.0,143.0,45.0,18680.0,23.0,16.0,20.0
1157,80.87431693989072,85.3128932920452,0.019,24405791045.0,0.04,49.0,0.012,0.0,77.0,70.0,0.2,0.254,0.675,0.07,19644000.0,0.184,729000000.0,552000000.0,444.0,105.0,2.0,47.0,100.0,236.0,10.0,153.0,0.0
1620,63.48684210526315,81.36765624115952,0.021,21121900000.0,0.067,382.0,0.018,0.2,79.0,74.0,0.9,0.302,0.635,0.063,3491034.0,0.643,1806000000.0,457000000.0,579.0,333.0,1.0,836.0,27.0,85.0,0.0,0.0,0.0
660,97.07495429616088,81.1441139096157,0.024,21268012747.0,0.065,143.0,0.031,0.1,74.0,68.0,0.2,0.338,0.607,0.055,9071318.0,0.646,3128000000.0,408000000.0,3186.0,96.0,0.0,1504.0,3.0,1251.0,0.0,0.0,524.0
652,87.4401913875598,84.81162718450662,0.016,77840186385.0,0.071,338.0,0.008,0.3,81.0,75.0,0.5,0.261,0.662,0.077,15995658.0,0.869,1309000000.0,1109000000.0,1462.0,210.0,3.0,1243.0,54.0,309.0,1.0,2.0,2.0
873,81.5450643776824,65.5830391966619,0.039,362420484.0,0.04,25.0,0.071,0.0,60.0,57.0,0.0,0.414,0.556,0.03,585389.0,0.279,21000000.0,9000000.0,19.0,4.3,6.3,0.1,0.4,10.6,0.0,0.0,0.2
1789,88.96247240618102,85.92065988598486,0.028,607983815.0,0.037,99.0,0.017,0.1,72.0,68.0,0.2,0.388,0.574,0.037,225398.0,0.24,188000000.0,32000000.0,80.6,10.0,0.0,2.6,81.2,4.9,0.0,0.0,2.0
1040,78.9308176100629,81.94860706425175,0.014,4900436759.0,0.053,85.0,0.021,0.1,77.0,70.0,0.1,0.219,0.665,0.116,3014917.0,0.642,240000000.0,284000000.0,251.0,67.0,0.0,86.0,14.0,160.0,28.0,30.0,0.0
1068,64.9325626204239,74.17213208503031,0.011,377350000000.0,0.1,3606.0,0.004,0.6,82.0,76.0,0.9,0.171,0.657,0.173,10478617.0,0.974,10881000000.0,16771000000.0,4381.0,2366.0,62.0,390.0,298.0,5836.0,20.0,35.0,106.0
592,96.78633174005898,97.01447770901015,0.023,741559000000.0,0.056,396.0,0.019,0.1,77.0,72.0,0.2,0.334,0.615,0.051,106723661.0,0.754,9547000000.0,7087000000.0,19034.0,632.0,0.0,19133.0,0.0,479.0,0.0,0.0,54.0
207,40.60606060606061,57.352373975218455,0.046,2610959139.0,0.051,12.0,0.096,0.0,52.0,49.0,0.0,0.468,0.505,0.028,11607944.0,0.178,23000000.0,30000000.0,67.0,98.0,47.0,8.0,4.0,63.0,1.0,0.0,3.0
430,70.27027027027027,64.8557736747857,0.043,825394484.0,0.071,6.0,0.086,0.0,50.0,48.0,0.0,0.476,0.495,0.028,7037727.0,0.087,1600000.0,14000000.0,52.0,22.0,25.0,2.0,1.0,6.0,0.0,0.0,40.0
627,84.22939068100358,84.74144315281907,0.016,5652325082.0,0.062,108.0,0.02,0.0,79.0,72.0,0.3,0.282,0.64,0.078,3033659.0,0.446,537000000.0,507000000.0,470.0,88.0,0.2,19.0,4.0,532.0,1.0,0.4,1.0
2010,79.17808219178082,52.40457186471775,0.047,75492417649.0,0.044,174.0,0.112,0.1,52.0,49.0,0.4,0.479,0.497,0.024,18926650.0,0.393,554000000.0,270000000.0,289.0,76.0,46.0,76.0,66.0,161.0,4.0,11.0,0.0
2549,76.90412268765401,86.06968964533587,0.012,8229490000000.0,0.054,322.0,0.012,0.4,77.0,74.0,0.8,0.18,0.733,0.087,1350695000.0,0.519,54937000000.0,109898000000.0,20911.0,6280.0,440.0,3179.0,120802.0,6770.0,264.0,948.0,2.0
426,44.82758620689655,56.435510554546,0.039,991387865.0,0.042,11.0,0.113,0.0,46.0,42.0,0.0,0.422,0.539,0.04,3767248.0,0.378,3000000.0,29000000.0,1.3,1.6,1.5,0.2,0.2,1.0,0.0,0.0,0.0
957,93.1587386424372,81.9258756271133,0.016,13686333822.0,0.085,350.0,0.013,0.2,79.0,72.0,0.2,0.24,0.626,0.135,3323822.0,0.931,591000000.0,267000000.0,1743.0,128.0,0.0,1458.0,7.0,97.0,0.0,0.0,308.0
717,88.59730917810043,89.49548053154425,0.01,430348000000.0,0.056,167.0,0.017,0.1,72.0,59.0,0.2,0.162,0.705,0.134,144667468.0,0.734,5879000000.0,13427000000.0,19953.0,2568.0,29.0,421.0,1107.0,20237.0,32.0,59.0,637.0
276,74.6,67.25146187156204,0.03,72309738921.0,0.028,13.0,0.086,0.0,65.0,63.0,0.0,0.409,0.552,0.04,146857081.0,0.334,533000000.0,555000000.0,373.0,127.0,15.0,82.0,43.0,205.0,30.0,124.0,1.0
654,73.6,80.05949616648633,0.022,94684582573.0,0.059,134.0,0.02,0.1,76.0,68.0,0.1,0.316,0.635,0.049,41872051.0,0.73,1191000000.0,1349000000.0,460.0,165.0,1.0,484.0,11.0,125.0,1.0,1.0,1.0
694,95.6750762406432,86.95512626532152,0.016,5609836354.0,0.039,188.0,0.014,0.1,76.0,69.0,0.4,0.249,0.687,0.064,1222811.0,0.42,960000000.0,236000000.0,690.2,31.2,174.0,8.0,22.0,466.0,5.0,27.0,0.0
2229,72.08354559347937,75.05987588803106,0.018,52902703376.0,0.053,310.0,0.034,0.5,74.0,67.0,1.0,0.227,0.714,0.059,9054332.0,0.534,792000000.0,856000000.0,1415.0,548.0,2.0,16.0,15.0,1568.0,4.0,356.0,2.0
1897,56.75675675675676,54.59499695628392,0.039,2453972797.0,0.169,74.0,0.117,0.0,45.0,44.0,0.2,0.423,0.551,0.025,5641182.0,0.379,25000000.0,22000000.0,21.0,16.0,13.0,7.0,4.0,11.0,2.0,0.0,0.0
1761,84.92706645056725,83.83224969721314,0.026,173603000000.0,0.038,74.0,0.026,0.1,71.0,65.0,0.8,0.36,0.604,0.036,90371287.0,0.458,3024000000.0,2553000000.0,2620.0,465.0,3.0,685.0,1799.0,323.0,37.0,44.0,249.0
234,75.88235294117646,68.0910134801955,0.04,4529575233.0,0.05,14.0,0.067,0.0,60.0,58.0,0.0,0.455,0.516,0.03,16235767.0,0.274,149000000.0,179000000.0,129.0,41.0,31.0,7.0,3.0,119.0,0.0,0.0,9.0
1278,53.043478260869556,80.26957817673176,0.034,456735445.0,0.067,63.0,0.029,0.0,67.0,65.0,0.0,0.412,0.557,0.03,480745.0,0.183,35300000.0,26500000.0,6.1,5.4,0.0,0.9,9.8,0.7,0.0,0.0,0.1
1163,71.49726042714973,77.43129811829718,0.01,127418000000.0,0.038,1058.0,0.002,0.6,83.0,78.0,1.0,0.191,0.726,0.082,4265800.0,1.0,6209000000.0,10071000000.0,6394.0,2549.0,79.0,470.0,6445.0,1136.0,56.0,751.0,5.0
1152,86.58504818963272,86.83064536558496,0.013,176352000000.0,0.035,95.0,0.015,0.2,76.0,69.0,0.5,0.223,0.7,0.077,65559487.0,0.375,12102000000.0,4917000000.0,9972.0,1545.0,73.0,740.0,7195.0,2779.0,179.0,552.0,50.0
1126,85.91155768094137,84.14337177252804,0.011,1164180000000.0,0.098,3452.0,0.005,0.7,83.0,78.0,0.5,0.177,0.692,0.131,32312000.0,0.801,15887000000.0,22739000000.0,15989.0,2622.0,62.0,14867.0,1282.0,2397.0,52.0,110.0,0.0
385,68.93226716839135,79.10447369242297,0.011,124643000000.0,0.074,1786.0,0.003,0.4,82.0,75.0,0.8,0.18,0.669,0.151,5188008.0,0.824,2065000000.0,2442000000.0,2931.0,1321.0,8.0,161.0,158.0,3916.0,3.0,6.0,0.0
1708,92.3076923076923,84.07799833926319,0.022,3629936625.0,0.036,154.0,0.02,0.1,72.0,66.0,0.7,0.294,0.661,0.045,843851.0,0.511,938000000.0,112000000.0,540.0,45.0,0.0,82.0,431.0,63.0,0.0,0.0,9.0
1966,95.28619528619528,83.14311006282935,0.021,105911000000.0,0.039,1463.0,0.01,0.5,75.0,73.0,0.9,0.253,0.724,0.023,2850102.0,0.982,660000000.0,6799000000.0,283.0,14.0,73.0,229.0,250.0,184.0,2997.0,1316.0,39.0
704,87.54752851711027,83.67696245254453,0.014,87440435752.0,0.079,1602.0,0.006,0.6,81.0,77.0,0.6,0.221,0.661,0.119,4027200.0,0.86,4232000000.0,1649000000.0,1842.0,262.0,20.0,267.0,1260.0,461.0,7.0,17.0,72.0
2604,96.0218775370679,101.57726478021056,0.019,1186460000000.0,0.061,618.0,0.013,0.4,80.0,75.0,0.8,0.29,0.647,0.063,120847477.0,0.784,13320000000.0,10735000000.0,22472.0,931.0,11.6,21135.8,193.6,1462.2,12.3,13.5,574.0
1082,95.33095303488052,89.69314959329787,0.009,28895083540.0,0.073,274.0,0.014,0.2,76.0,69.0,0.8,0.137,0.689,0.174,7739900.0,0.706,3063000000.0,1858000000.0,6942.0,340.0,3.0,77.0,35.0,7088.0,18.0,11.0,50.0
2174,87.58473064573671,81.06482412414596,0.022,231674000000.0,0.076,2165.0,0.004,0.7,84.0,80.0,1.2,0.272,0.623,0.104,7623600.0,0.918,5824000000.0,4725000000.0,2455.0,348.0,72.0,809.0,142.0,1704.0,21.0,43.0,12.0
612,59.149612557122985,73.40958677085465,0.021,195661000000.0,0.022,20.0,0.038,0.0,70.0,66.0,0.1,0.302,0.651,0.048,215038285.0,0.436,5797000000.0,5042000000.0,2977.0,2056.0,37.0,222.0,3877.0,808.0,38.0,52.0,0.0
1939,82.4300441826215,76.41062593036335,0.009,5035140000000.0,0.095,3746.0,0.002,0.8,86.0,80.0,0.9,0.134,0.643,0.223,127557958.0,0.897,12537000000.0,34788000000.0,5597.0,1193.0,17.0,908.0,4941.0,820.0,7.0,95.0,1.0
1266,87.9850591409006,80.21227124809946,0.019,530900000000.0,0.058,422.0,0.024,0.2,76.0,69.0,0.8,0.281,0.652,0.067,68626337.0,0.684,19137000000.0,3517000000.0,16960.0,2316.0,153.0,459.0,471.0,16269.0,630.0,917.0,17.0
2522,76.04669887278584,76.32638190452082,0.019,68730906314.0,0.054,398.0,0.031,0.5,74.0,68.0,1.1,0.222,0.721,0.057,9295784.0,0.539,2634000000.0,2616000000.0,1889.0,595.0,2.4,18.8,15.8,2147.6,5.0,292.5,2.0
613,95.30201342281879,84.02410818035744,0.025,523969000000.0,0.044,21.0,0.062,0.0,64.0,62.0,0.0,0.334,0.621,0.045,1076705723.0,0.282,3300000000.0,4350000000.0,2272.0,112.0,80.0,459.0,328.0,797.0,66.0,631.0,23.0
1078,94.70827679782904,85.87836245325886,0.025,9931223496.0,0.056,298.0,0.043,0.0,47.0,46.0,0.3,0.358,0.61,0.032,1875805.0,0.551,563000000.0,301000000.0,1396.0,78.0,0.0,0.0,0.0,0.0,0.0,0.0,0.0
29,87.81362007168458,80.77206692357043,0.023,99886577576.0,0.059,148.0,0.021,0.0,75.0,67.0,0.1,0.328,0.624,0.047,39897984.0,0.721,1313000000.0,1452000000.0,490.0,68.0,1.0,413.0,13.0,127.0,1.0,1.0,1.0
1955,51.33587786259541,61.47788526838582,0.035,1981728179.0,0.036,17.0,0.105,0.0,49.0,46.0,0.2,0.409,0.552,0.039,4266247.0,0.386,6000000.0,61000000.0,26.9,25.5,27.0,3.2,3.9,16.6,1.2,0.0,0.5
2651,82.45614035087719,75.26053507671361,0.044,20032237910.0,0.08,44.0,0.045,0.1,60.0,58.0,0.5,0.485,0.49,0.024,36345860.0,0.151,1105000000.0,604000000.0,987.0,210.0,927.5,70.4,28.8,115.0,9.1,38.1,8.0
2318,89.78159126365055,90.26302862159937,0.011,345672000000.0,0.041,214.0,0.012,0.2,77.0,71.0,1.2,0.189,0.72,0.091,66576332.0,0.454,30926000000.0,7320000000.0,17265.0,1965.0,141.3,885.6,11480.7,5058.6,379.4,1284.8,0.0
1531,65.4970760233918,60.09243618489285,0.036,1698125680.0,0.043,18.0,0.108,0.0,48.0,45.0,0.1,0.415,0.546,0.039,4106897.0,0.383,10800000.0,54000000.0,11.2,5.9,8.3,0.9,0.5,6.7,0.6,0.0,0.1
220,35.989010989010985,81.31489955340317,0.023,34890773740.0,0.036,634.0,0.011,0.1,74.0,73.0,0.4,0.257,0.711,0.033,1980604.0,0.981,286000000.0,3207000000.0,26.2,46.6,18.0,39.0,99.0,69.0,1264.0,578.0,4.0
2050,85.27900146842879,98.56728804883019,0.021,429098000000.0,0.041,582.0,0.015,0.4,77.0,73.0,1.7,0.313,0.657,0.03,26796375.0,0.819,6744000000.0,21312000000.0,9292.0,1604.0,261.0,57.0,362.0,445.0,8678.0,1094.0,0.0
2628,60.93470272307546,75.8801713695945,0.036,7133378888.0,0.107,66.0,0.039,0.1,65.0,62.0,0.5,0.436,0.541,0.023,11457801.0,0.259,337000000.0,133000000.0,646.7,414.6,935.7,32.9,11.7,62.3,1.8,15.8,1.0
1576,89.755482171348,104.31481087626562,0.013,2582390000000.0,0.109,4413.0,0.004,0.7,85.0,78.0,0.9,0.184,0.651,0.165,64012572.0,0.776,63701000000.0,46029000000.0,72570.0,8283.0,1576.0,6024.0,3206.0,69272.0,775.0,0.0,0.0
946,89.91798588594317,95.6252113829687,0.011,1044610000000.0,0.082,2028.0,0.005,0.4,83.0,77.0,0.9,0.145,0.687,0.168,42921895.0,0.77,49996000000.0,14864000000.0,47144.0,5286.0,0.0,2079.0,151.0,49239.0,0.0,0.0,961.0
101,89.76758860027343,86.65987154640146,0.015,122725000000.0,0.034,67.0,0.019,0.0,75.0,67.0,0.0,0.242,0.693,0.066,62343379.0,0.314,9935000000.0,3218000000.0,8536.0,973.0,80.0,585.0,6134.0,2242.0,117.0,349.0,70.0
1740,91.31782945736434,83.91509047973256,0.01,8554293727.0,0.082,1596.0,0.006,0.5,82.0,77.0,0.9,0.162,0.699,0.139,409379.0,0.943,1336000000.0,361000000.0,1178.0,112.0,0.0,18.0,0.0,1195.0,9.0,0.0,68.0
1493,94.13854351687388,87.42435244276632,0.013,10701011856.0,0.064,218.0,0.017,0.2,80.0,73.0,0.7,0.25,0.658,0.092,2940880.0,0.489,1479000000.0,1331000000.0,1060.0,66.0,0.3,52.0,10.0,1061.0,1.0,0.4,2.0
2168,71.00317305345375,75.66508328773426,0.023,148047000000.0,0.043,398.0,0.019,0.3,73.0,64.0,1.2,0.249,0.684,0.067,16321581.0,0.537,1236000000.0,1489000000.0,2909.0,1188.0,3.0,28.0,149.0,3875.0,5.0,21.0,16.0
870,86.84931506849315,85.23214762989818,0.015,100631000000.0,0.067,414.0,0.008,0.3,81.0,75.0,0.6,0.255,0.667,0.079,16168241.0,0.872,1571000000.0,1251000000.0,1585.0,240.0,4.0,1360.0,70.0,345.0,1.0,4.0,2.0
1755,82.38628133754492,85.72091699429683,0.022,60743823637.0,0.021,473.0,0.01,0.2,78.0,73.0,1.2,0.311,0.665,0.024,2593523.0,0.741,1105000000.0,1197000000.0,1268.392,271.175,0.0,0.0,0.0,0.0,0.0,0.0,0.0
2514,82.83304584830321,83.54134019807248,0.017,603153000000.0,0.085,995.0,0.012,0.6,80.0,72.0,1.6,0.244,0.648,0.108,41086927.0,0.913,5655000000.0,8213000000.0,2172.98,450.345,0.0,5318.2,0.0,911.7,0.0,0.0,267.3
1773,59.876543209876544,80.04503655299058,0.034,608292552.0,0.056,72.0,0.028,0.0,68.0,65.0,0.1,0.41,0.558,0.032,503541.0,0.191,40600000.0,40500000.0,9.7,6.5,0.0,1.2,13.8,1.1,0.0,0.0,0.2
924,71.33550488599349,79.8183926360575,0.026,5795568203.0,0.061,66.0,0.027,0.0,75.0,69.0,0.1,0.384,0.575,0.04,5386299.0,0.557,192000000.0,154000000.0,438.0,176.0,1.0,553.0,8.0,53.0,0.0,0.0,0.0
675,87.95091661738617,84.33676844552787,0.015,158730000000.0,0.073,2918.0,0.005,0.3,81.0,76.0,0.9,0.208,0.681,0.111,3996521.0,0.599,5206000000.0,4832000000.0,5949.0,815.0,32.0,913.0,196.0,5623.0,0.0,0.0,0.0
1459,92.04180064308682,85.15956241108435,0.009,7513834700.0,0.085,1580.0,0.006,0.5,82.0,78.0,0.9,0.164,0.698,0.138,406724.0,0.941,1185000000.0,284000000.0,1145.0,99.0,0.0,20.0,0.0,1143.0,9.0,0.0,71.0
949,91.99684293606946,90.96860283201156,0.028,25086930693.0,0.045,61.0,0.017,0.0,76.0,73.0,0.1,0.392,0.575,0.034,17676012.0,0.534,1883000000.0,688000000.0,5828.0,507.0,90.0,58.0,41.0,933.0,3957.0,218.0,1038.0
1961,84.94803028358784,83.49626447689698,0.011,1370840000000.0,0.114,4528.0,0.005,0.8,83.0,79.0,0.7,0.166,0.695,0.139,33628571.0,0.808,15568000000.0,30065000000.0,13240.0,2346.0,76.0,12150.0,1026.0,2262.0,78.0,146.0,0.0
2070,79.23497267759562,77.26108571036013,0.017,44291490421.0,0.059,288.0,0.035,0.3,73.0,67.0,0.9,0.231,0.708,0.061,8947243.0,0.532,545000000.0,488000000.0,1450.0,380.0,2.0,15.0,14.0,1454.0,3.0,340.0,2.0
2646,82.70879255449425,89.57305869596095,0.02,733956000000.0,0.032,795.0,0.014,0.5,77.0,74.0,1.9,0.297,0.674,0.029,28287855.0,0.825,8400000000.0,17986000000.0,13508.0,2824.0,895.0,157.0,771.0,839.0,10637.0,3024.0,9.0
596,82.9167984814932,84.01819758665636,0.021,100846000000.0,0.033,138.0,0.008,0.3,75.0,71.0,0.4,0.321,0.639,0.04,24413795.0,0.639,8084000000.0,3330000000.0,10484.0,2160.0,148.0,283.0,11456.0,637.0,126.0,244.0,397.0
2193,85.65217391304348,85.55769460834168,0.02,21418300000.0,0.069,238.0,0.015,0.2,76.0,67.0,1.2,0.321,0.61,0.069,6218195.0,0.643,646000000.0,280000000.0,985.0,165.0,0.0,1123.0,7.0,20.0,0.0,0.0,0.0
1950,87.91946308724832,74.61864494152732,0.037,30716343757.0,0.046,36.0,0.054,0.1,60.0,57.0,0.5,0.426,0.548,0.026,39824734.0,0.232,1124000000.0,227000000.0,1310.0,180.0,158.0,111.0,122.0,1040.0,0.0,0.0,59.0
2021,90.66534260178749,86.46982955461971,0.028,610075807.0,0.039,103.0,0.016,0.1,73.0,69.0,0.6,0.385,0.576,0.039,230833.0,0.243,214000000.0,28000000.0,91.3,9.4,0.0,2.5,91.0,4.9,0.0,0.0,2.2
54,90.54054054054053,70.48339718137086,0.039,12705350153.0,0.047,19.0,0.069,0.0,54.0,52.0,0.0,0.442,0.531,0.028,31285050.0,0.199,500000000.0,156000000.0,938.0,98.0,282.0,88.0,46.0,595.0,0.0,25.0,0.0
867,86.49046292890546,84.65185881926229,0.011,1018390000000.0,0.098,3047.0,0.005,0.7,83.0,78.0,0.5,0.18,0.691,0.13,31995000.0,0.8,15135000000.0,19267000000.0,16460.0,2571.0,58.0,15518.0,1222.0,2202.0,48.0,96.0,0.0
2170,83.80167208546214,76.25069412622742,0.009,5495390000000.0,0.096,4115.0,0.002,0.8,86.0,80.0,1.0,0.133,0.638,0.23,127450459.0,0.905,15356000000.0,39306000000.0,7217.0,1395.0,19.0,945.0,6654.0,877.0,10.0,105.0,1.0
1158,89.40496843310143,94.69160425971728,0.011,1130800000000.0,0.083,2178.0,0.005,0.5,84.0,77.0,1.0,0.145,0.688,0.168,43653155.0,0.773,53066000000.0,18441000000.0,49989.0,5924.0,0.0,2233.0,181.0,52190.0,0.0,0.0,1310.0
2392,80.26214878337863,78.45040756618428,0.032,47654789735.0,0.067,215.0,0.028,0.1,75.0,68.0,1.3,0.412,0.544,0.045,14706578.0,0.498,1350000000.0,935000000.0,1151.2,283.1,1.3,1218.1,22.6,116.3,0.4,3.3,72.3
643,92.46088193456615,84.32368636614632,0.026,7511538765.0,0.043,190.0,0.051,0.0,48.0,47.0,0.2,0.367,0.602,0.031,1832602.0,0.546,459000000.0,235000000.0,1300.0,106.0,1235.0,18.0,12.0,55.0,0.0,2.0,83.0
2385,64.10457516339869,75.29054793394224,0.02,845932000000.0,0.029,99.0,0.026,0.1,72.0,68.0,1.0,0.296,0.653,0.051,243801639.0,0.507,9038000000.0,8653000000.0,4904.0,2746.0,32.0,297.0,5924.0,1046.0,176.0,175.0,0.0
888,76.86567164179104,88.07085856819191,0.019,600014341.0,0.058,342.0,0.013,0.2,74.0,69.0,0.4,0.309,0.614,0.077,102655.0,0.36,86000000.0,9000000.0,103.0,31.0,1.0,77.0,1.0,36.0,0.0,0.0,19.0
1406,88.09164494443682,90.44626923398172,0.018,18505250857.0,0.036,599.0,0.009,0.3,76.0,75.0,1.0,0.252,0.727,0.022,950951.0,0.884,1786000000.0,639000000.0,6421.0,868.0,99.0,234.0,374.0,430.0,5210.0,942.0,0.0
658,94.48545375597047,87.76470271892339,0.012,13319544758.0,0.068,1235.0,0.005,0.3,81.0,76.0,0.6,0.209,0.686,0.105,998142.0,0.686,2325000000.0,700000000.0,2176.0,127.0,7.0,23.0,12.0,2208.0,49.0,3.0,1.0
2648,93.47027204914437,103.2667596757739,0.017,788863000000.0,0.063,665.0,0.017,0.5,78.0,72.0,0.9,0.26,0.667,0.073,73997128.0,0.718,32249000000.0,4604000000.0,34083.0,2381.0,372.0,714.0,784.0,24167.0,2377.0,1319.0,5965.0
363,81.43236074270557,84.15384224115849,0.02,16403602943.0,0.071,291.0,0.011,0.1,80.0,76.0,0.1,0.308,0.637,0.055,4013488.0,0.604,1339000000.0,434000000.0,921.0,210.0,1.0,952.0,15.0,157.0,0.0,0.0,7.0
1768,75.19821101849969,83.24778846758247,0.022,519797000000.0,0.031,566.0,0.016,0.4,76.0,73.0,1.4,0.32,0.65,0.03,26366358.0,0.816,6775000000.0,16005000000.0,11097.0,3660.0,1033.0,297.0,941.0,1185.0,9334.0,1967.0,0.0
2524,93.3605220228385,87.55684514434594,0.012,63615445567.0,0.05,339.0,0.004,0.5,78.0,67.0,1.1,0.151,0.711,0.138,9464000.0,0.755,986000000.0,781000000.0,5723.0,407.0,1.7,11.4,13.9,5983.9,7.0,7.0,105.0
2661,98.37483161691219,104.59109778521193,0.011,176603000000.0,0.076,293.0,0.009,0.4,76.0,66.0,1.3,0.142,0.705,0.153,45593300.0,0.691,5988000000.0,5536000000.0,22639.0,374.0,15.0,176.0,53.0,22706.0,29.0,20.0,14.0
1736,49.865229110512125,71.35651555180951,0.042,4276769712.0,0.084,25.0,0.059,0.0,52.0,52.0,0.1,0.46,0.509,0.03,14138207.0,0.153,43000000.0,86000000.0,370.0,372.0,574.0,45.0,12.0,98.0,2.0,10.0,1.0
1201,87.01799485861183,79.90107459809136,0.029,7261366632.0,0.073,262.0,0.046,0.0,58.0,54.0,0.2,0.398,0.569,0.033,2027026.0,0.366,363000000.0,108000000.0,677.0,101.0,602.0,12.0,4.0,146.0,0.0,0.0,14.0
299,82.52666119770304,86.6182896295625,0.009,20498926981.0,0.086,883.0,0.004,0.3,80.0,72.0,0.7,0.155,0.701,0.144,1992060.0,0.508,1059000000.0,560000000.0,1006.0,213.0,0.0,33.0,15.0,1160.0,0.0,0.0,10.0
74,86.8494683827644,83.34115580563358,0.015,52011621745.0,0.076,1052.0,0.006,0.5,81.0,76.0,0.4,0.227,0.655,0.118,3857700.0,0.857,2272000000.0,1235000000.0,1552.0,235.0,19.0,245.0,1069.0,372.0,5.0,10.0,67.0
900,77.46823069403715,81.33675180810599,0.009,4655800000000.0,0.08,2914.0,0.003,0.6,86.0,79.0,0.7,0.139,0.668,0.193,127761000.0,0.846,14343000000.0,48175000000.0,4755.0,1383.0,17.0,951.0,4338.0,744.0,3.0,84.0,1.0
863,96.10371007019052,89.19333048391906,0.009,25283228366.0,0.073,238.0,0.015,0.2,76.0,69.0,0.6,0.14,0.688,0.173,7781161.0,0.702,2796000000.0,1935000000.0,6709.0,272.0,3.0,68.0,32.0,6807.0,16.0,12.0,44.0
911,100.0,87.72976875458869,0.021,1075605492.0,0.059,217.0,0.022,0.1,75.0,72.0,0.4,0.356,0.599,0.044,292505.0,0.325,471000000.0,75000000.0,617.0,0.0,5.0,9.0,100.0,476.0,5.0,22.0,0.0
2311,93.04054054054053,84.52522544584315,0.015,47236710623.0,0.088,1213.0,0.01,0.5,80.0,73.0,1.4,0.223,0.638,0.139,3383486.0,0.946,2401000000.0,797000000.0,2754.0,206.0,0.0,2401.0,19.0,151.0,0.0,0.0,389.0
2366,56.25,61.53470147298796,0.048,10647545670.0,0.068,51.0,0.081,0.0,54.0,54.0,0.8,0.47,0.502,0.029,14416737.0,0.368,274000000.0,224000000.0,90.0,70.0,52.0,21.0,3.0,69.0,4.0,0.0,11.0
1207,97.55262707513263,89.06691724312867,0.02,59523857868.0,0.051,100.0,0.035,0.2,71.0,67.0,0.4,0.308,0.642,0.05,30125445.0,0.551,5426000000.0,999000000.0,5700.0,143.0,144.0,140.0,52.0,2608.0,91.0,8.0,2801.0
1987,96.74157303370787,88.75020688725309,0.012,8834661043.0,0.05,357.0,0.014,0.2,77.0,69.0,0.9,0.217,0.708,0.075,1275032.0,0.408,1390000000.0,384000000.0,861.0,29.0,204.0,13.0,26.0,580.0,6.0,41.0,1.0
2115,87.5,73.1746061961808,0.036,201037917.0,0.071,86.0,0.04,0.2,68.0,64.0,0.6,0.416,0.548,0.036,178228.0,0.619,11100000.0,600000.0,7.0,1.0,2.1,0.5,0.1,5.1,0.0,0.0,0.2
1727,89.35371413247519,82.59514650532896,0.03,21971835256.0,0.088,326.0,0.019,0.2,75.0,72.0,0.9,0.362,0.605,0.033,5786000.0,0.82,3539000000.0,1140000000.0,3332.0,397.0,50.0,200.0,146.0,658.0,1777.0,74.0,824.0
2321,80.03731343283582,74.64070889737098,0.034,67320812663.0,0.067,119.0,0.054,0.2,63.0,60.0,0.7,0.418,0.551,0.032,36430923.0,0.332,185000000.0,937000000.0,429.0,107.0,54.0,21.0,32.0,80.0,295.0,43.0,11.0
1502,65.75342465753424,82.67244097214146,0.014,9206301700.0,0.043,133.0,0.019,0.1,77.0,70.0,0.6,0.211,0.676,0.114,2989882.0,0.641,343000000.0,345000000.0,336.0,175.0,0.0,127.0,23.0,278.0,41.0,41.0,0.0
2130,65.49062844542448,70.66122612441202,0.027,177166000000.0,0.03,30.0,0.073,0.1,67.0,65.0,0.6,0.354,0.602,0.043,173149306.0,0.366,998000000.0,1370000000.0,594.0,313.0,15.0,168.0,90.0,396.0,28.0,204.0,6.0
2538,91.15646258503402,67.89091298162069,0.045,2472384813.0,0.081,20.0,0.057,0.0,56.0,52.0,0.2,0.442,0.534,0.024,9849569.0,0.112,2700000.0,41000000.0,134.0,13.0,125.0,3.0,4.0,9.0,1.0,3.0,2.0
1972,79.75460122699386,76.20073147128764,0.036,8550363829.0,0.045,19.0,0.045,0.0,64.0,61.0,0.3,0.437,0.534,0.029,20495695.0,0.313,518000000.0,123000000.0,130.0,33.0,37.0,5.0,6.0,111.0,0.0,0.0,4.0
45,50.0,58.3745551467519,0.042,2995360969.0,0.056,19.0,0.103,0.0,51.0,51.0,0.0,0.44,0.525,0.034,8746128.0,0.31,7800000.0,13000000.0,16.0,16.0,13.0,4.0,1.0,14.0,0.0,0.0,0.0
1713,80.0,87.88173005476227,0.019,825925911.0,0.06,474.0,0.012,0.2,74.0,70.0,0.6,0.282,0.643,0.074,103932.0,0.358,127000000.0,11000000.0,104.0,26.0,1.0,66.0,1.0,45.0,0.0,0.0,18.0
1965,92.25092250922509,83.78481986523511,0.022,2925499821.0,0.042,143.0,0.02,0.2,72.0,66.0,0.8,0.292,0.662,0.047,852479.0,0.514,724000000.0,110000000.0,500.0,42.0,0.0,65.0,415.0,55.0,0.0,0.0,7.0
1535,70.83333333333334,73.94359247825477,0.024,123005090.0,0.121,160.0,0.05,0.1,70.0,64.0,0.0,0.357,0.606,0.037,93401.0,0.436,4000000.0,9100000.0,3.4,1.4,0.0,1.1,3.1,0.3,0.0,0.0,0.2
390,89.65517241379311,88.94811853630173,0.019,523279846.0,0.076,392.0,0.013,0.1,73.0,68.0,0.1,0.341,0.582,0.077,101849.0,0.361,83000000.0,8000000.0,104.0,12.0,0.0,66.0,1.0,40.0,0.0,0.0,15.0
24,86.6096866096866,68.24746675911359,0.028,3654031716.0,0.063,19.0,0.082,0.0,65.0,59.0,0.0,0.408,0.554,0.038,12222871.0,0.186,345000000.0,52000000.0,304.0,47.0,0.0,42.0,152.0,66.0,0.0,3.0,0.0
2144,76.42607683352736,69.83712461956051,0.041,9274448732.0,0.057,22.0,0.072,0.0,50.0,48.0,0.3,0.453,0.514,0.032,23967265.0,0.31,224000000.0,260000000.0,1313.0,405.0,1466.0,102.0,28.0,219.0,0.0,0.0,21.0
1985,72.1311475409836,75.90337138553843,0.035,31843357840.0,0.045,15.0,0.054,0.0,62.0,59.0,0.0,0.449,0.518,0.033,84838032.0,0.169,1119000000.0,139000000.0,308.0,119.0,150.0,78.0,31.0,119.0,37.0,12.0,0.0
1288,89.65517241379311,83.65308795519013,0.029,453082900.0,0.052,129.0,0.016,0.0,75.0,68.0,0.3,0.393,0.558,0.049,181073.0,0.21,87000000.0,21200000.0,104.0,12.0,0.0,9.0,102.0,5.0,0.0,0.0,0.3
50,88.88424571667363,82.19866928796972,0.022,124895000000.0,0.074,1454.0,0.006,0.2,81.0,77.0,0.7,0.281,0.619,0.1,6289000.0,0.912,4611000000.0,3733000000.0,2127.0,266.0,45.0,684.0,111.0,1442.0,108.0,19.0,7.0
2565,93.78787878787878,84.73472238572498,0.021,4035420973.0,0.04,177.0,0.02,0.3,73.0,67.0,1.0,0.289,0.659,0.052,874742.0,0.526,987000000.0,110000000.0,619.0,41.0,0.0,70.0,535.0,46.0,0.0,3.0,7.0
1419,94.87726787620065,86.77003709425787,0.014,9132562332.0,0.06,168.0,0.017,0.1,80.0,73.0,0.6,0.258,0.654,0.089,2968028.0,0.478,1057000000.0,989000000.0,889.0,48.0,0.2,42.0,8.0,857.0,1.0,0.4,28.0
948,89.78102189781022,80.22312836383651,0.021,1484092538.0,0.069,207.0,0.027,0.1,72.0,65.0,0.4,0.3,0.64,0.06,493394.0,0.667,52000000.0,85000000.0,123.0,14.0,0.0,45.0,0.0,87.0,0.0,0.0,6.0
2427,65.15151515151516,85.14171071572682,0.02,1840841618.0,0.037,94.0,0.033,0.2,68.0,67.0,0.7,0.291,0.663,0.046,729429.0,0.356,76000000.0,58000000.0,43.0,23.0,0.1,8.1,14.9,14.2,0.0,0.2,0.0
843,90.23255813953487,86.11703756381286,0.015,7464446950.0,0.065,148.0,0.019,0.0,79.0,73.0,0.4,0.273,0.645,0.082,3014579.0,0.457,756000000.0,669000000.0,582.0,63.0,0.2,26.0,4.0,610.0,1.0,0.4,4.0
1563,89.01790033865505,87.43552294799261,0.021,174968000000.0,0.075,1730.0,0.004,0.5,82.0,88.0,1.3,0.275,0.623,0.102,7180100.0,0.916,4405000000.0,4669000000.0,1840.0,227.0,66.0,673.0,110.0,1171.0,13.0,28.0,6.0
598,75.80645161290323,68.65470403310667,0.04,4397254715.0,0.052,14.0,0.064,0.0,61.0,59.0,0.0,0.454,0.517,0.03,16736029.0,0.277,109000000.0,192000000.0,47.0,15.0,6.0,2.0,1.0,43.0,0.0,0.0,10.0
1146,93.37606837606837,67.33392074657584,0.047,9013834490.0,0.092,29.0,0.068,0.0,53.0,52.0,0.0,0.494,0.481,0.025,28724869.0,0.13,382000000.0,185000000.0,437.0,31.0,337.0,29.0,10.0,62.0,4.0,14.0,12.0
573,96.29258517034069,81.12083519559943,0.023,53992755100.0,0.048,102.0,0.026,0.1,74.0,69.0,0.1,0.333,0.617,0.051,26729909.0,0.739,836000000.0,806000000.0,961.0,37.0,2.0,714.0,44.0,236.0,0.0,1.0,66.0
1682,54.78723404255319,68.05894795509363,0.039,6633561835.0,0.042,31.0,0.066,0.0,60.0,57.0,0.4,0.439,0.533,0.029,8973293.0,0.411,236000000.0,102000000.0,103.0,85.0,117.9,3.9,1.6,50.7,0.3,0.7,12.8
610,80.97447795823666,82.8267113911343,0.021,112974000000.0,0.078,1334.0,0.005,0.2,82.0,78.0,1.0,0.28,0.62,0.1,6570000.0,0.913,2426000000.0,3322000000.0,698.0,164.0,29.0,261.0,36.0,484.0,28.0,11.0,12.0
2108,86.60744789887256,83.39474751184613,0.011,46999407184.0,0.089,2044.0,0.003,0.7,83.0,76.0,1.0,0.14,0.693,0.167,2048583.0,0.5,2721000000.0,1377000000.0,1774.5,274.4,3.9,71.5,107.2,1866.4,0.0,0.0,0.0
1270,85.70291585268794,86.5084304763565,0.012,207089000000.0,0.035,110.0,0.015,0.2,76.0,69.0,0.6,0.218,0.703,0.079,65883961.0,0.388,16614000000.0,6173000000.0,11845.0,1976.0,94.0,825.0,8566.0,3439.0,240.0,654.0,4.0
84,79.98981670061099,78.94205656815467,0.03,81026294681.0,0.032,33.0,0.03,0.0,70.0,64.0,0.1,0.385,0.583,0.032,77651848.0,0.48,2334000000.0,1841000000.0,1571.0,393.0,1.0,511.0,1022.0,252.0,15.0,24.0,167.0
1143,92.85341679707876,83.24892603802095,0.015,17362872710.0,0.082,430.0,0.012,0.2,79.0,72.0,0.3,0.238,0.627,0.135,3325155.0,0.933,699000000.0,331000000.0,1780.0,137.0,0.0,1498.0,12.0,120.0,0.0,0.0,288.0
302,93.17507418397626,86.21918146645365,0.018,15746224410.0,0.037,31.0,0.013,0.0,76.0,68.0,0.0,0.265,0.672,0.064,18797000.0,0.184,347000000.0,402000000.0,314.0,23.0,1.0,16.0,49.0,211.0,6.0,54.0,0.0
2521,75.87864721485411,78.89468442573687,0.014,1532410000000.0,0.091,6140.0,0.004,0.8,84.0,80.0,1.1,0.189,0.671,0.14,22723900.0,0.89,34130000000.0,34704000000.0,4577.0,1455.0,82.4,682.8,3649.5,1345.9,63.0,208.6,0.0
2227,76.51528233465723,79.40749586928982,0.014,1141790000000.0,0.089,5138.0,0.004,0.8,84.0,80.0,1.0,0.189,0.676,0.134,22031800.0,0.887,32336000000.0,27534000000.0,4431.0,1360.0,86.6,661.0,3404.0,1389.8,70.3,178.2,0.0
959,86.88524590163934,84.72645256479126,0.03,364996869.0,0.035,62.0,0.018,0.0,71.0,67.0,0.1,0.4,0.567,0.033,204135.0,0.228,93000000.0,15000000.0,53.0,8.0,0.0,2.0,55.0,3.0,0.0,0.0,1.0
2435,73.55962483251452,75.31344273640303,0.019,65951627200.0,0.05,359.0,0.032,0.5,74.0,68.0,1.1,0.224,0.718,0.058,9173082.0,0.536,1500000000.0,1778000000.0,1647.0,592.0,2.0,16.0,15.0,1787.0,4.0,414.0,1.0
1372,66.20689655172414,72.1068474506157,0.038,15000803171.0,0.042,8.0,0.065,0.0,59.0,57.0,0.0,0.46,0.509,0.031,78290649.0,0.159,639000000.0,97000000.0,192.0,98.0,90.0,61.0,20.0,76.0,31.0,8.0,4.0
419,94.5822994210091,88.08475498716766,0.013,10557366162.0,0.061,882.0,0.005,0.3,80.0,76.0,0.4,0.214,0.682,0.104,979877.0,0.687,2178000000.0,582000000.0,2287.0,131.0,7.0,27.0,12.0,2324.0,45.0,3.0,0.0
1609,76.93842150910667,85.9603640738213,0.022,415909000000.0,0.037,566.0,0.016,0.3,76.0,73.0,1.1,0.328,0.642,0.03,25915624.0,0.814,6907000000.0,21031000000.0,8871.0,2659.0,601.0,236.0,579.0,657.0,7444.0,2014.0,0.0
1499,85.56701030927834,50.95821441224723,0.048,60448890972.0,0.034,115.0,0.117,0.0,51.0,48.0,0.3,0.479,0.497,0.024,17712824.0,0.377,236000000.0,473000000.0,166.0,28.0,33.0,38.0,28.0,89.0,2.0,4.0,0.0
1374,73.31768388106417,82.43738816726224,0.021,18550700000.0,0.067,203.0,0.019,0.1,76.0,66.0,0.6,0.35,0.586,0.064,6096692.0,0.622,686000000.0,307000000.0,937.0,341.0,1.0,1240.0,10.0,29.0,0.0,0.0,0.0
1598,91.99632014719411,90.2479817859602,0.026,40405006007.0,0.038,79.0,0.015,0.1,77.0,73.0,0.3,0.373,0.592,0.035,19561477.0,0.545,2972000000.0,710000000.0,5000.0,435.0,78.0,59.0,43.0,732.0,3124.0,356.0,1042.0
372,97.03729522481702,80.03741370520964,0.025,24894907435.0,0.062,173.0,0.032,0.0,74.0,68.0,0.1,0.345,0.602,0.053,8799298.0,0.626,2798000000.0,425000000.0,2784.0,85.0,0.0,1239.0,2.0,1142.0,0.0,0.0,487.0
2444,69.84478935698448,80.94608183249,0.025,199071000000.0,0.044,233.0,0.023,0.1,72.0,69.0,0.9,0.272,0.681,0.047,37762962.0,0.682,300000000.0,571000000.0,630.0,272.0,554.0,12.0,55.0,219.0,61.0,0.0,1493.0
2370,81.95402298850574,77.82027694716228,0.011,58009863403.0,0.067,7751.0,0.002,0.9,84.0,79.0,1.5,0.175,0.685,0.14,518347.0,0.889,4825000000.0,3822000000.0,713.0,157.0,10.1,37.7,55.7,770.5,0.0,0.0,0.0
2371,70.30985915492958,83.66514910834903,0.011,43083067994.0,0.067,887.0,0.005,0.6,79.0,68.0,1.6,0.151,0.693,0.155,3028115.0,0.667,1417000000.0,874000000.0,1248.0,527.0,3.2,32.7,42.6,1682.5,0.0,0.0,14.0
1217,100.0,88.34656207707536,0.021,992473987.0,0.07,235.0,0.019,0.1,75.0,73.0,0.7,0.343,0.611,0.046,297576.0,0.338,826000000.0,94000000.0,395.0,0.0,3.0,7.0,56.0,307.0,2.0,19.0,0.0
691,100.0,86.38764282888255,0.022,949867662.0,0.06,199.0,0.025,0.1,74.0,71.0,0.2,0.37,0.587,0.043,287594.0,0.313,402000000.0,60000000.0,564.0,0.0,4.0,8.0,84.0,443.0,4.0,21.0,0.0
1715,76.96793002915452,76.99422994205182,0.033,39136441799.0,0.069,199.0,0.03,0.1,74.0,67.0,1.1,0.422,0.534,0.044,13648307.0,0.484,1068000000.0,741000000.0,1320.0,395.0,0.0,1518.0,30.0,165.0,0.0,0.0,2.0
568,94.6969696969697,85.11323423596806,0.018,698083345.0,0.044,371.0,0.012,0.1,77.0,69.0,0.5,0.267,0.654,0.079,83700.0,0.505,247000000.0,53000000.0,125.0,7.0,14.0,4.0,3.0,108.0,2.0,2.0,0.0
2398,77.1900826446281,76.88596520002679,0.011,262379000000.0,0.09,4411.0,0.002,0.9,84.0,77.0,1.7,0.164,0.659,0.177,5388272.0,0.837,5591000000.0,6009000000.0,5604.0,1656.0,11.0,181.0,427.0,6641.0,0.0,0.0,0.0
1733,86.68941979522185,74.79416144043586,0.028,1630667593.0,0.089,73.0,0.082,0.0,46.0,46.0,0.3,0.385,0.571,0.044,1972199.0,0.238,30000000.0,248000000.0,254.0,39.0,259.0,5.0,6.0,23.0,0.0,0.0,0.0
2340,89.62409886714727,85.99831272170849,0.025,224095000000.0,0.044,105.0,0.025,0.3,72.0,65.0,1.0,0.349,0.613,0.038,95053437.0,0.45,4026000000.0,5807000000.0,3481.0,403.0,4.0,748.0,2405.0,402.0,56.0,61.0,241.0
909,51.288056206088996,66.65735290609419,0.043,2625127098.0,0.078,16.0,0.078,0.0,48.0,48.0,0.0,0.461,0.508,0.03,12569091.0,0.15,74000000.0,70000000.0,219.0,208.0,336.0,21.0,11.0,49.0,0.0,7.0,4.0
2177,85.09349030470914,86.99265117868035,0.021,1708460000000.0,0.037,52.0,0.046,0.1,67.0,64.0,0.6,0.302,0.648,0.051,1205624648.0,0.309,14490000000.0,10490000000.0,4915.0,861.0,197.0,1237.0,1063.0,2035.0,183.0,1047.0,14.0
424,76.03988391993451,82.38493893808743,0.013,1453830000000.0,0.048,54.0,0.026,0.0,74.0,72.0,0.2,0.236,0.692,0.072,1280400000.0,0.384,21742000000.0,16759000000.0,10219.0,3220.0,84.0,1510.0,92866.0,3007.0,52.0,381.0,8.0
25,85.46588933210596,84.89419428911137,0.011,739456000000.0,0.088,2090.0,0.005,0.5,82.0,77.0,0.3,0.192,0.683,0.125,30769700.0,0.795,13035000000.0,15125000000.0,16712.0,2842.0,65.0,15605.0,1340.0,2499.0,45.0,74.0,0.0
188,87.04710144927536,80.65437072176621,0.027,5788311645.0,0.047,152.0,0.054,0.0,52.0,49.0,0.1,0.383,0.587,0.029,1755375.0,0.532,227000000.0,209000000.0,961.0,143.0,914.0,27.0,15.0,66.0,0.0,2.0,80.0
141,93.30576376324632,89.63882142122523,0.021,9063147901.0,0.035,476.0,0.011,0.1,76.0,74.0,0.3,0.308,0.667,0.024,668239.0,0.884,854000000.0,425000000.0,3610.0,259.0,32.0,121.0,107.0,216.0,3060.0,332.0,0.0
